IdVideo,IdCamera,FilePathRelative,BackgroundImage,VideoName,VideoDescription,CreatedOn,Author
1,1,Set_1\ID_01\Camera_1\Seq_1,video_001.bmp,video0000.jpg,,10/20/2011 17:40:01,Davide Baltieri
2,1,Set_1\ID_01\Camera_1\Seq_2,video_002.bmp,video0000.jpg,,10/20/2011 17:40:01,Davide Baltieri
3,2,Set_1\ID_01\Camera_2\Seq_1,video_003.bmp,video0000.jpg,,10/20/2011 17:40:01,Davide Baltieri
4,2,Set_1\ID_01\Camera_2\Seq_2,video_004.bmp,video0000.jpg,,10/20/2011 17:40:01,Davide Baltieri
5,3,Set_1\ID_01\Camera_3\Seq_1,video_005.bmp,video0000.jpg,,10/20/2011 17:40:01,Davide Baltieri
6,3,Set_1\ID_01\Camera_3\Seq_2,video_006.bmp,video0000.jpg,,10/20/2011 17:40:01,Davide Baltieri
7,1,Set_1\ID_02\Camera_1\Seq_1,video_007.bmp,video0000.jpg,,10/20/2011 17:40:01,Davide Baltieri
8,1,Set_1\ID_02\Camera_1\Seq_2,video_008.bmp,video0000.jpg,,10/20/2011 17:40:01,Davide Baltieri
9,1,Set_1\ID_02\Camera_1\Seq_3,video_009.bmp,video0000.jpg,,10/20/2011 17:40:01,Davide Baltieri
10,2,Set_1\ID_02\Camera_2\Seq_1,video_010.bmp,video0000.jpg,,10/20/2011 17:40:01,Davide Baltieri
11,2,Set_1\ID_02\Camera_2\Seq_2,video_011.bmp,video0000.jpg,,10/20/2011 17:40:01,Davide Baltieri
12,3,Set_1\ID_02\Camera_3\Seq_1,video_012.bmp,video0000.jpg,,10/20/2011 17:40:01,Davide Baltieri
13,1,Set_1\ID_03\Camera_1\Seq_1,video_013.bmp,video0000.jpg,,10/20/2011 17:40:01,Davide Baltieri
14,1,Set_1\ID_03\Camera_1\Seq_2,video_014.bmp,video0000.jpg,,10/20/2011 17:40:01,Davide Baltieri
15,1,Set_1\ID_03\Camera_1\Seq_3,video_015.bmp,video0000.jpg,,10/20/2011 17:40:01,Davide Baltieri
16,1,Set_1\ID_03\Camera_1\Seq_4,video_016.bmp,video0000.jpg,,10/20/2011 17:40:01,Davide Baltieri
17,1,Set_1\ID_03\Camera_1\Seq_5,video_017.bmp,video0000.jpg,,10/20/2011 17:40:01,Davide Baltieri
18,2,Set_1\ID_03\Camera_2\Seq_1,video_018.bmp,video0000.jpg,,10/20/2011 17:40:01,Davide Baltieri
19,3,Set_1\ID_03\Camera_3\Seq_1,video_019.bmp,video0000.jpg,,10/20/2011 17:40:01,Davide Baltieri
20,3,Set_1\ID_03\Camera_3\Seq_2,video_020.bmp,video0000.jpg,,10/20/2011 17:40:01,Davide Baltieri
21,3,Set_1\ID_03\Camera_3\Seq_3,video_021.bmp,video0000.jpg,,10/20/2011 17:40:01,Davide Baltieri
22,1,Set_1\ID_04\Camera_1\Seq_1,video_022.bmp,video0400.jpg,,10/20/2011 17:40:01,Davide Baltieri
23,1,Set_1\ID_04\Camera_1\Seq_2,video_023.bmp,video0000.jpg,,10/20/2011 17:40:01,Davide Baltieri
24,1,Set_1\ID_04\Camera_1\Seq_3,video_024.bmp,video0000.jpg,,10/20/2011 17:40:01,Davide Baltieri
25,1,Set_1\ID_04\Camera_1\Seq_4,video_025.bmp,video0000.jpg,,10/20/2011 17:40:01,Davide Baltieri
26,2,Set_1\ID_04\Camera_2\Seq_1,video_026.bmp,video0000.jpg,,10/20/2011 17:40:01,Davide Baltieri
27,2,Set_1\ID_04\Camera_2\Seq_2,video_027.bmp,video0000.jpg,,10/20/2011 17:40:01,Davide Baltieri
28,3,Set_1\ID_04\Camera_3\Seq_1,video_028.bmp,video0000.jpg,,10/20/2011 17:40:01,Davide Baltieri
29,1,Set_1\ID_05\Camera_1\Seq_1,video_029.bmp,video0000.jpg,,10/20/2011 17:40:01,Davide Baltieri
30,2,Set_1\ID_05\Camera_2\Seq_1,video_030.bmp,video0000.jpg,,10/20/2011 17:40:01,Davide Baltieri
31,2,Set_1\ID_05\Camera_2\Seq_2,video_031.bmp,video0000.jpg,,10/20/2011 17:40:01,Davide Baltieri
32,2,Set_1\ID_05\Camera_2\Seq_3,video_032.bmp,video0000.jpg,,10/20/2011 17:40:01,Davide Baltieri
33,2,Set_1\ID_05\Camera_2\Seq_4,video_033.bmp,video0000.jpg,,10/20/2011 17:40:01,Davide Baltieri
34,2,Set_1\ID_05\Camera_2\Seq_5,video_034.bmp,video0000.jpg,,10/20/2011 17:40:01,Davide Baltieri
35,2,Set_1\ID_05\Camera_2\Seq_6,video_035.bmp,video0000.jpg,,10/20/2011 17:40:01,Davide Baltieri
36,3,Set_1\ID_05\Camera_3\Seq_1,video_036.bmp,video0000.jpg,,10/20/2011 17:40:01,Davide Baltieri
37,3,Set_1\ID_05\Camera_3\Seq_2,video_037.bmp,video0000.jpg,,10/20/2011 17:40:01,Davide Baltieri
38,3,Set_1\ID_05\Camera_3\Seq_3,video_038.bmp,video0000.jpg,,10/20/2011 17:40:01,Davide Baltieri
39,1,Set_1\ID_06\Camera_1\Seq_1,video_039.bmp,video0000.jpg,,10/20/2011 17:40:01,Davide Baltieri
40,1,Set_1\ID_06\Camera_1\Seq_2,video_040.bmp,video0000.jpg,,10/20/2011 17:40:01,Davide Baltieri
41,1,Set_1\ID_06\Camera_1\Seq_3,video_041.bmp,video0000.jpg,,10/20/2011 17:40:01,Davide Baltieri
42,1,Set_1\ID_06\Camera_1\Seq_4,video_042.bmp,video0000.jpg,,10/20/2011 17:40:01,Davide Baltieri
43,2,Set_1\ID_06\Camera_2\Seq_1,video_043.bmp,video0000.jpg,,10/20/2011 17:40:01,Davide Baltieri
44,2,Set_1\ID_06\Camera_2\Seq_2,video_044.bmp,video0000.jpg,,10/20/2011 17:40:01,Davide Baltieri
45,3,Set_1\ID_06\Camera_3\Seq_1,video_045.bmp,video0000.jpg,,10/20/2011 17:40:01,Davide Baltieri
46,3,Set_1\ID_06\Camera_3\Seq_2,video_046.bmp,video0000.jpg,,10/20/2011 17:40:01,Davide Baltieri
47,1,Set_1\ID_07\Camera_1\Seq_1,video_047.bmp,video0000.jpg,,10/20/2011 17:40:01,Davide Baltieri
48,1,Set_1\ID_07\Camera_1\Seq_2,video_048.bmp,video0000.jpg,,10/20/2011 17:40:01,Davide Baltieri
49,1,Set_1\ID_07\Camera_1\Seq_3,video_049.bmp,video0000.jpg,,10/20/2011 17:40:01,Davide Baltieri
50,2,Set_1\ID_07\Camera_2\Seq_1,video_050.bmp,video0000.jpg,,10/20/2011 17:40:01,Davide Baltieri
51,2,Set_1\ID_07\Camera_2\Seq_2,video_051.bmp,video0000.jpg,,10/20/2011 17:40:01,Davide Baltieri
52,3,Set_1\ID_07\Camera_3\Seq_1,video_052.bmp,video0000.jpg,,10/20/2011 17:40:01,Davide Baltieri
53,1,Set_1\ID_08\Camera_1\Seq_1,video_053.bmp,video0000.jpg,,10/20/2011 17:40:01,Davide Baltieri
54,2,Set_1\ID_08\Camera_2\Seq_1,video_054.bmp,video0000.jpg,,10/20/2011 17:40:01,Davide Baltieri
55,2,Set_1\ID_08\Camera_2\Seq_2,video_055.bmp,video0000.jpg,,10/20/2011 17:40:01,Davide Baltieri
56,3,Set_1\ID_08\Camera_3\Seq_1,video_056.bmp,video0000.jpg,,10/20/2011 17:40:01,Davide Baltieri
57,1,Set_1\ID_09\Camera_1\Seq_1,video_057.bmp,video0000.jpg,,10/20/2011 17:40:01,Davide Baltieri
58,1,Set_1\ID_09\Camera_1\Seq_2,video_058.bmp,video0000.jpg,,10/20/2011 17:40:01,Davide Baltieri
59,2,Set_1\ID_09\Camera_2\Seq_1,video_059.bmp,video0000.jpg,,10/20/2011 17:40:01,Davide Baltieri
60,3,Set_1\ID_09\Camera_3\Seq_1,video_060.bmp,video0000.jpg,,10/20/2011 17:40:01,Davide Baltieri
61,3,Set_1\ID_09\Camera_3\Seq_2,video_061.bmp,video0000.jpg,,10/20/2011 17:40:01,Davide Baltieri
62,1,Set_1\ID_10\Camera_1\Seq_1,video_062.bmp,video0000.jpg,,10/20/2011 17:40:01,Davide Baltieri
63,1,Set_1\ID_10\Camera_1\Seq_2,video_063.bmp,video0000.jpg,,10/20/2011 17:40:01,Davide Baltieri
64,2,Set_1\ID_10\Camera_2\Seq_1,video_064.bmp,video0000.jpg,,10/20/2011 17:40:01,Davide Baltieri
65,2,Set_1\ID_10\Camera_2\Seq_2,video_065.bmp,video0000.jpg,,10/20/2011 17:40:01,Davide Baltieri
66,3,Set_1\ID_10\Camera_3\Seq_1,video_066.bmp,video0000.jpg,,10/20/2011 17:40:01,Davide Baltieri
67,3,Set_1\ID_10\Camera_3\Seq_2,video_067.bmp,video0000.jpg,,10/20/2011 17:40:01,Davide Baltieri
68,1,Set_1\ID_11\Camera_1\Seq_1,video_068.bmp,video0000.jpg,,10/20/2011 17:40:01,Davide Baltieri
69,2,Set_1\ID_11\Camera_2\Seq_1,video_069.bmp,video0000.jpg,,10/20/2011 17:40:01,Davide Baltieri
70,2,Set_1\ID_11\Camera_2\Seq_2,video_070.bmp,video0000.jpg,,10/20/2011 17:40:01,Davide Baltieri
71,3,Set_1\ID_11\Camera_3\Seq_1,video_071.bmp,video0000.jpg,,10/20/2011 17:40:01,Davide Baltieri
72,1,Set_1\ID_12\Camera_1\Seq_1,video_072.bmp,video0000.jpg,,10/20/2011 17:40:01,Davide Baltieri
73,3,Set_1\ID_12\Camera_3\Seq_1,video_073.bmp,video0000.jpg,,10/20/2011 17:40:01,Davide Baltieri
74,1,Set_1\ID_13\Camera_1\Seq_1,video_074.bmp,video0000.jpg,,10/20/2011 17:40:01,Davide Baltieri
75,1,Set_1\ID_13\Camera_1\Seq_2,video_075.bmp,video0000.jpg,,10/20/2011 17:40:01,Davide Baltieri
76,2,Set_1\ID_13\Camera_2\Seq_1,video_076.bmp,video0000.jpg,,10/20/2011 17:40:01,Davide Baltieri
77,2,Set_1\ID_13\Camera_2\Seq_2,video_077.bmp,video0000.jpg,,10/20/2011 17:40:01,Davide Baltieri
78,4,Set_1\ID_13\Camera_4\Seq_1,video_078.bmp,video0000.jpg,,10/20/2011 17:40:01,Davide Baltieri
79,4,Set_1\ID_13\Camera_4\Seq_2,video_079.bmp,video0000.jpg,,10/20/2011 17:40:01,Davide Baltieri
80,4,Set_1\ID_13\Camera_4\Seq_3,video_080.bmp,video0000.jpg,,10/20/2011 17:40:01,Davide Baltieri
81,4,Set_1\ID_13\Camera_4\Seq_4,video_081.bmp,video0000.jpg,,10/20/2011 17:40:01,Davide Baltieri
82,1,Set_1\ID_14\Camera_1\Seq_1,video_082.bmp,video0000.jpg,,10/20/2011 17:40:01,Davide Baltieri
83,1,Set_1\ID_14\Camera_1\Seq_2,video_083.bmp,video0000.jpg,,10/20/2011 17:40:01,Davide Baltieri
84,2,Set_1\ID_14\Camera_2\Seq_1,video_084.bmp,video0000.jpg,,10/20/2011 17:40:01,Davide Baltieri
85,2,Set_1\ID_14\Camera_2\Seq_2,video_085.bmp,video0000.jpg,,10/20/2011 17:40:01,Davide Baltieri
86,2,Set_1\ID_14\Camera_2\Seq_3,video_086.bmp,video0000.jpg,,10/20/2011 17:40:01,Davide Baltieri
87,4,Set_1\ID_14\Camera_4\Seq_1,video_087.bmp,video0000.jpg,,10/20/2011 17:40:01,Davide Baltieri
88,4,Set_1\ID_14\Camera_4\Seq_2,video_088.bmp,video0000.jpg,,10/20/2011 17:40:01,Davide Baltieri
89,4,Set_1\ID_14\Camera_4\Seq_3,video_089.bmp,video0000.jpg,,10/20/2011 17:40:01,Davide Baltieri
90,1,Set_1\ID_15\Camera_1\Seq_1,video_090.bmp,video0000.jpg,,10/20/2011 17:40:01,Davide Baltieri
91,2,Set_1\ID_15\Camera_2\Seq_1,video_091.bmp,video0000.jpg,,10/20/2011 17:40:01,Davide Baltieri
92,2,Set_1\ID_15\Camera_2\Seq_2,video_092.bmp,video0000.jpg,,10/20/2011 17:40:01,Davide Baltieri
93,4,Set_1\ID_15\Camera_4\Seq_1,video_093.bmp,video0000.jpg,,10/20/2011 17:40:01,Davide Baltieri
94,4,Set_1\ID_15\Camera_4\Seq_2,video_094.bmp,video0000.jpg,,10/20/2011 17:40:01,Davide Baltieri
95,1,Set_1\ID_16\Camera_1\Seq_1,video_095.bmp,video0000.jpg,,10/20/2011 17:40:01,Davide Baltieri
96,1,Set_1\ID_16\Camera_1\Seq_2,video_096.bmp,video0000.jpg,,10/20/2011 17:40:01,Davide Baltieri
97,1,Set_1\ID_16\Camera_1\Seq_3,video_097.bmp,video0000.jpg,,10/20/2011 17:40:01,Davide Baltieri
98,2,Set_1\ID_16\Camera_2\Seq_1,video_098.bmp,video0000.jpg,,10/20/2011 17:40:01,Davide Baltieri
99,2,Set_1\ID_16\Camera_2\Seq_2,video_099.bmp,video0000.jpg,,10/20/2011 17:40:01,Davide Baltieri
100,2,Set_1\ID_16\Camera_2\Seq_3,video_100.bmp,video0000.jpg,,10/20/2011 17:40:01,Davide Baltieri
101,2,Set_1\ID_16\Camera_2\Seq_4,video_101.bmp,video0000.jpg,,10/20/2011 17:40:01,Davide Baltieri
102,4,Set_1\ID_16\Camera_4\Seq_1,video_102.bmp,video0000.jpg,,10/20/2011 17:40:01,Davide Baltieri
103,4,Set_1\ID_16\Camera_4\Seq_2,video_103.bmp,video0000.jpg,,10/20/2011 17:40:01,Davide Baltieri
104,1,Set_1\ID_17\Camera_1\Seq_1,video_104.bmp,video0000.jpg,,10/20/2011 17:40:01,Davide Baltieri
105,4,Set_1\ID_17\Camera_4\Seq_1,video_105.bmp,video0000.jpg,,10/20/2011 17:40:01,Davide Baltieri
106,1,Set_1\ID_18\Camera_1\Seq_1,video_106.bmp,video0000.jpg,,10/20/2011 17:40:01,Davide Baltieri
107,4,Set_1\ID_18\Camera_4\Seq_1,video_107.bmp,video0000.jpg,,10/20/2011 17:40:01,Davide Baltieri
108,4,Set_1\ID_18\Camera_4\Seq_2,video_108.bmp,video0000.jpg,,10/20/2011 17:40:01,Davide Baltieri
109,1,Set_1\ID_19\Camera_1\Seq_1,video_109.bmp,video0000.jpg,,10/20/2011 17:40:01,Davide Baltieri
110,2,Set_1\ID_19\Camera_2\Seq_1,video_110.bmp,video0000.jpg,,10/20/2011 17:40:01,Davide Baltieri
111,1,Set_1\ID_20\Camera_1\Seq_1,video_111.bmp,video0000.jpg,,10/20/2011 17:40:01,Davide Baltieri
112,1,Set_1\ID_20\Camera_1\Seq_2,video_112.bmp,video0000.jpg,,10/20/2011 17:40:01,Davide Baltieri
113,2,Set_1\ID_20\Camera_2\Seq_1,video_113.bmp,video0000.jpg,,10/20/2011 17:40:01,Davide Baltieri
114,2,Set_1\ID_20\Camera_2\Seq_2,video_114.bmp,video0000.jpg,,10/20/2011 17:40:01,Davide Baltieri
115,3,Set_1\ID_20\Camera_3\Seq_1,video_115.bmp,video0000.jpg,,10/20/2011 17:40:01,Davide Baltieri
116,3,Set_1\ID_20\Camera_3\Seq_2,video_116.bmp,video0000.jpg,,10/20/2011 17:40:01,Davide Baltieri
117,5,Set_2\ID_21\Camera_5\Seq_1,video_117.bmp,video0000.jpg,,10/20/2011 17:40:01,Davide Baltieri
118,5,Set_2\ID_21\Camera_5\Seq_2,video_118.bmp,video0000.jpg,,10/20/2011 17:40:01,Davide Baltieri
119,5,Set_2\ID_22\Camera_5\Seq_1,video_119.bmp,video0000.jpg,,10/20/2011 17:40:01,Davide Baltieri
120,5,Set_2\ID_22\Camera_5\Seq_2,video_120.bmp,video0000.jpg,,10/20/2011 17:40:01,Davide Baltieri
121,5,Set_2\ID_22\Camera_5\Seq_3,video_121.bmp,video0000.jpg,,10/20/2011 17:40:01,Davide Baltieri
122,5,Set_2\ID_23\Camera_5\Seq_1,video_122.bmp,video0000.jpg,,10/20/2011 17:40:01,Davide Baltieri
123,5,Set_2\ID_23\Camera_5\Seq_2,video_123.bmp,video0000.jpg,,10/20/2011 17:40:01,Davide Baltieri
124,5,Set_2\ID_23\Camera_5\Seq_3,video_124.bmp,video0000.jpg,,10/20/2011 17:40:01,Davide Baltieri
125,5,Set_2\ID_24\Camera_5\Seq_1,video_125.bmp,video0000.jpg,,10/20/2011 17:40:01,Davide Baltieri
126,5,Set_2\ID_24\Camera_5\Seq_2,video_126.bmp,video0000.jpg,,10/20/2011 17:40:01,Davide Baltieri
127,5,Set_2\ID_24\Camera_5\Seq_3,video_127.bmp,video0000.jpg,,10/20/2011 17:40:01,Davide Baltieri
128,5,Set_2\ID_24\Camera_5\Seq_4,video_128.bmp,video0000.jpg,,10/20/2011 17:40:01,Davide Baltieri
129,5,Set_2\ID_25\Camera_5\Seq_1,video_129.bmp,video0000.jpg,,10/20/2011 17:40:01,Davide Baltieri
130,5,Set_2\ID_25\Camera_5\Seq_2,video_130.bmp,video0000.jpg,,10/20/2011 17:40:01,Davide Baltieri
131,5,Set_2\ID_26\Camera_5\Seq_1,video_131.bmp,video0000.jpg,,10/20/2011 17:40:01,Davide Baltieri
132,5,Set_2\ID_26\Camera_5\Seq_2,video_132.bmp,video0000.jpg,,10/20/2011 17:40:01,Davide Baltieri
133,5,Set_2\ID_27\Camera_5\Seq_1,video_133.bmp,video0000.jpg,,10/20/2011 17:40:01,Davide Baltieri
134,5,Set_2\ID_27\Camera_5\Seq_2,video_134.bmp,video0000.jpg,,10/20/2011 17:40:01,Davide Baltieri
135,5,Set_2\ID_28\Camera_5\Seq_1,video_135.bmp,video0000.jpg,,10/20/2011 17:40:01,Davide Baltieri
136,5,Set_2\ID_28\Camera_5\Seq_2,video_136.bmp,video0000.jpg,,10/20/2011 17:40:01,Davide Baltieri
137,5,Set_2\ID_28\Camera_5\Seq_3,video_137.bmp,video0000.jpg,,10/20/2011 17:40:01,Davide Baltieri
138,5,Set_2\ID_29\Camera_5\Seq_1,video_138.bmp,video0000.jpg,,10/20/2011 17:40:01,Davide Baltieri
139,5,Set_2\ID_29\Camera_5\Seq_2,video_139.bmp,video0000.jpg,,10/20/2011 17:40:01,Davide Baltieri
140,5,Set_2\ID_29\Camera_5\Seq_3,video_140.bmp,video0000.jpg,,10/20/2011 17:40:01,Davide Baltieri
141,5,Set_2\ID_30\Camera_5\Seq_1,video_141.bmp,video0000.jpg,,10/20/2011 17:40:01,Davide Baltieri
142,5,Set_2\ID_30\Camera_5\Seq_2,video_142.bmp,video0000.jpg,,10/20/2011 17:40:01,Davide Baltieri
143,5,Set_2\ID_31\Camera_5\Seq_1,video_143.bmp,video0000.jpg,,10/20/2011 17:40:01,Davide Baltieri
144,5,Set_2\ID_31\Camera_5\Seq_2,video_144.bmp,video0000.jpg,,10/20/2011 17:40:01,Davide Baltieri
145,5,Set_2\ID_31\Camera_5\Seq_3,video_145.bmp,video0000.jpg,,10/20/2011 17:40:01,Davide Baltieri
146,5,Set_2\ID_31\Camera_5\Seq_4,video_146.bmp,video0000.jpg,,10/20/2011 17:40:01,Davide Baltieri
147,5,Set_2\ID_32\Camera_5\Seq_1,video_147.bmp,video0000.jpg,,10/20/2011 17:40:01,Davide Baltieri
148,5,Set_2\ID_32\Camera_5\Seq_2,video_148.bmp,video0000.jpg,,10/20/2011 17:40:01,Davide Baltieri
149,5,Set_2\ID_33\Camera_5\Seq_1,video_149.bmp,video0000.jpg,,10/20/2011 17:40:01,Davide Baltieri
150,5,Set_2\ID_33\Camera_5\Seq_2,video_150.bmp,video0000.jpg,,10/20/2011 17:40:01,Davide Baltieri
151,5,Set_2\ID_33\Camera_5\Seq_3,video_151.bmp,video0000.jpg,,10/20/2011 17:40:01,Davide Baltieri
152,5,Set_2\ID_34\Camera_5\Seq_1,video_152.bmp,video0000.jpg,,10/20/2011 17:40:01,Davide Baltieri
153,5,Set_2\ID_34\Camera_5\Seq_2,video_153.bmp,video0000.jpg,,10/20/2011 17:40:01,Davide Baltieri
154,5,Set_2\ID_35\Camera_5\Seq_1,video_154.bmp,video0000.jpg,,10/20/2011 17:40:01,Davide Baltieri
155,5,Set_2\ID_35\Camera_5\Seq_2,video_155.bmp,video0000.jpg,,10/20/2011 17:40:01,Davide Baltieri
156,5,Set_2\ID_36\Camera_5\Seq_1,video_156.bmp,video0000.jpg,,10/20/2011 17:40:01,Davide Baltieri
157,5,Set_2\ID_36\Camera_5\Seq_2,video_157.bmp,video0000.jpg,,10/20/2011 17:40:01,Davide Baltieri
158,5,Set_2\ID_36\Camera_5\Seq_3,video_158.bmp,video0000.jpg,,10/20/2011 17:40:01,Davide Baltieri
159,5,Set_2\ID_37\Camera_5\Seq_1,video_159.bmp,video0000.jpg,,10/20/2011 17:40:01,Davide Baltieri
160,5,Set_2\ID_37\Camera_5\Seq_2,video_160.bmp,video0000.jpg,,10/20/2011 17:40:01,Davide Baltieri
161,5,Set_2\ID_37\Camera_5\Seq_3,video_161.bmp,video0000.jpg,,10/20/2011 17:40:01,Davide Baltieri
162,5,Set_2\ID_37\Camera_5\Seq_4,video_162.bmp,video0000.jpg,,10/20/2011 17:40:01,Davide Baltieri
163,5,Set_2\ID_37\Camera_5\Seq_5,video_163.bmp,video0000.jpg,,10/20/2011 17:40:01,Davide Baltieri
164,5,Set_2\ID_38\Camera_5\Seq_1,video_164.bmp,video0000.jpg,,10/20/2011 17:40:01,Davide Baltieri
165,5,Set_2\ID_38\Camera_5\Seq_2,video_165.bmp,video0000.jpg,,10/20/2011 17:40:01,Davide Baltieri
166,5,Set_2\ID_39\Camera_5\Seq_1,video_166.bmp,video0000.jpg,,10/20/2011 17:40:01,Davide Baltieri
167,5,Set_2\ID_39\Camera_5\Seq_2,video_167.bmp,video0000.jpg,,10/20/2011 17:40:01,Davide Baltieri
168,5,Set_2\ID_40\Camera_5\Seq_1,video_168.bmp,video0000.jpg,,10/20/2011 17:40:01,Davide Baltieri
169,5,Set_2\ID_40\Camera_5\Seq_2,video_169.bmp,video0000.jpg,,10/20/2011 17:40:01,Davide Baltieri
170,5,Set_2\ID_41\Camera_5\Seq_1,video_170.bmp,video0000.jpg,,10/20/2011 17:40:01,Davide Baltieri
171,5,Set_2\ID_41\Camera_5\Seq_2,video_171.bmp,video0000.jpg,,10/20/2011 17:40:01,Davide Baltieri
172,5,Set_2\ID_42\Camera_5\Seq_1,video_172.bmp,video0000.jpg,,10/20/2011 17:40:01,Davide Baltieri
173,5,Set_2\ID_42\Camera_5\Seq_2,video_173.bmp,video0000.jpg,,10/20/2011 17:40:01,Davide Baltieri
174,5,Set_2\ID_43\Camera_5\Seq_1,video_174.bmp,video0000.jpg,,10/20/2011 17:40:01,Davide Baltieri
175,5,Set_2\ID_43\Camera_5\Seq_2,video_175.bmp,video0000.jpg,,10/20/2011 17:40:01,Davide Baltieri
176,5,Set_2\ID_44\Camera_5\Seq_1,video_176.bmp,video0000.jpg,,10/20/2011 17:40:01,Davide Baltieri
177,5,Set_2\ID_44\Camera_5\Seq_2,video_177.bmp,video0000.jpg,,10/20/2011 17:40:01,Davide Baltieri
178,5,Set_2\ID_45\Camera_5\Seq_1,video_178.bmp,video0000.jpg,,10/20/2011 17:40:01,Davide Baltieri
179,5,Set_2\ID_45\Camera_5\Seq_2,video_179.bmp,video0000.jpg,,10/20/2011 17:40:01,Davide Baltieri
180,5,Set_2\ID_45\Camera_5\Seq_3,video_180.bmp,video0000.jpg,,10/20/2011 17:40:01,Davide Baltieri
181,5,Set_2\ID_46\Camera_5\Seq_1,video_181.bmp,video0000.jpg,,10/20/2011 17:40:01,Davide Baltieri
182,5,Set_2\ID_46\Camera_5\Seq_2,video_182.bmp,video0000.jpg,,10/20/2011 17:40:01,Davide Baltieri
183,5,Set_2\ID_47\Camera_5\Seq_1,video_183.bmp,video0000.jpg,,10/20/2011 17:40:01,Davide Baltieri
184,5,Set_2\ID_47\Camera_5\Seq_2,video_184.bmp,video0000.jpg,,10/20/2011 17:40:01,Davide Baltieri
185,5,Set_2\ID_48\Camera_5\Seq_1,video_185.bmp,video0000.jpg,,10/20/2011 17:40:01,Davide Baltieri
186,5,Set_2\ID_48\Camera_5\Seq_2,video_186.bmp,video0000.jpg,,10/20/2011 17:40:01,Davide Baltieri
187,5,Set_2\ID_48\Camera_5\Seq_3,video_187.bmp,video0000.jpg,,10/20/2011 17:40:01,Davide Baltieri
188,5,Set_2\ID_48\Camera_5\Seq_4,video_188.bmp,video0000.jpg,,10/20/2011 17:40:01,Davide Baltieri
189,5,Set_2\ID_49\Camera_5\Seq_1,video_189.bmp,video0000.jpg,,10/20/2011 17:40:01,Davide Baltieri
190,5,Set_2\ID_49\Camera_5\Seq_2,video_190.bmp,video0000.jpg,,10/20/2011 17:40:01,Davide Baltieri
191,5,Set_2\ID_50\Camera_5\Seq_1,video_191.bmp,video0000.jpg,,10/20/2011 17:40:01,Davide Baltieri
192,5,Set_2\ID_50\Camera_5\Seq_2,video_192.bmp,video0000.jpg,,10/20/2011 17:40:01,Davide Baltieri
193,5,Set_2\ID_51\Camera_5\Seq_1,video_193.bmp,video0000.jpg,,10/20/2011 17:40:01,Davide Baltieri
194,5,Set_2\ID_51\Camera_5\Seq_2,video_194.bmp,video0000.jpg,,10/20/2011 17:40:01,Davide Baltieri
195,5,Set_2\ID_52\Camera_5\Seq_1,video_195.bmp,video0000.jpg,,10/20/2011 17:40:01,Davide Baltieri
196,5,Set_2\ID_52\Camera_5\Seq_2,video_196.bmp,video0000.jpg,,10/20/2011 17:40:01,Davide Baltieri
197,5,Set_2\ID_53\Camera_5\Seq_1,video_197.bmp,video0000.jpg,,10/20/2011 17:40:01,Davide Baltieri
198,5,Set_2\ID_53\Camera_5\Seq_2,video_198.bmp,video0000.jpg,,10/20/2011 17:40:01,Davide Baltieri
199,5,Set_2\ID_54\Camera_5\Seq_1,video_199.bmp,video0000.jpg,,10/20/2011 17:40:01,Davide Baltieri
200,5,Set_2\ID_54\Camera_5\Seq_2,video_200.bmp,video0000.jpg,,10/20/2011 17:40:01,Davide Baltieri
201,5,Set_2\ID_55\Camera_5\Seq_1,video_201.bmp,video0000.jpg,,10/20/2011 17:40:01,Davide Baltieri
202,5,Set_2\ID_55\Camera_5\Seq_2,video_202.bmp,video0000.jpg,,10/20/2011 17:40:01,Davide Baltieri
203,5,Set_2\ID_56\Camera_5\Seq_1,video_203.bmp,video0000.jpg,,10/20/2011 17:40:01,Davide Baltieri
204,5,Set_2\ID_56\Camera_5\Seq_2,video_204.bmp,video0000.jpg,,10/20/2011 17:40:01,Davide Baltieri
205,5,Set_2\ID_57\Camera_5\Seq_1,video_205.bmp,video0000.jpg,,10/20/2011 17:40:01,Davide Baltieri
206,5,Set_2\ID_57\Camera_5\Seq_2,video_206.bmp,video0000.jpg,,10/20/2011 17:40:01,Davide Baltieri
207,5,Set_2\ID_57\Camera_5\Seq_3,video_207.bmp,video0000.jpg,,10/20/2011 17:40:01,Davide Baltieri
208,5,Set_2\ID_58\Camera_5\Seq_1,video_208.bmp,video0000.jpg,,10/20/2011 17:40:01,Davide Baltieri
209,5,Set_2\ID_58\Camera_5\Seq_2,video_209.bmp,video0000.jpg,,10/20/2011 17:40:01,Davide Baltieri
210,5,Set_2\ID_59\Camera_5\Seq_1,video_210.bmp,video0000.jpg,,10/20/2011 17:40:01,Davide Baltieri
211,5,Set_2\ID_59\Camera_5\Seq_2,video_211.bmp,video0000.jpg,,10/20/2011 17:40:01,Davide Baltieri
212,5,Set_2\ID_60\Camera_5\Seq_1,video_212.bmp,video0000.jpg,,10/20/2011 17:40:01,Davide Baltieri
213,5,Set_2\ID_60\Camera_5\Seq_2,video_213.bmp,video0000.jpg,,10/20/2011 17:40:01,Davide Baltieri
214,5,Set_2\ID_61\Camera_5\Seq_1,video_214.bmp,video0000.jpg,,10/20/2011 17:40:01,Davide Baltieri
215,5,Set_2\ID_61\Camera_5\Seq_2,video_215.bmp,video0000.jpg,,10/20/2011 17:40:01,Davide Baltieri
216,5,Set_2\ID_62\Camera_5\Seq_1,video_216.bmp,video0000.jpg,,10/20/2011 17:40:01,Davide Baltieri
217,5,Set_2\ID_62\Camera_5\Seq_2,video_217.bmp,video0000.jpg,,10/20/2011 17:40:01,Davide Baltieri
218,5,Set_2\ID_63\Camera_5\Seq_1,video_218.bmp,video0000.jpg,,10/20/2011 17:40:01,Davide Baltieri
219,5,Set_2\ID_63\Camera_5\Seq_2,video_219.bmp,video0000.jpg,,10/20/2011 17:40:01,Davide Baltieri
220,5,Set_2\ID_64\Camera_5\Seq_1,video_220.bmp,video0000.jpg,,10/20/2011 17:40:01,Davide Baltieri
221,5,Set_2\ID_64\Camera_5\Seq_2,video_221.bmp,video0000.jpg,,10/20/2011 17:40:01,Davide Baltieri
222,5,Set_2\ID_65\Camera_5\Seq_1,video_222.bmp,video0000.jpg,,10/20/2011 17:40:01,Davide Baltieri
223,5,Set_2\ID_65\Camera_5\Seq_2,video_223.bmp,video0000.jpg,,10/20/2011 17:40:01,Davide Baltieri
224,5,Set_2\ID_66\Camera_5\Seq_1,video_224.bmp,video0000.jpg,,10/20/2011 17:40:01,Davide Baltieri
225,5,Set_2\ID_66\Camera_5\Seq_2,video_225.bmp,video0000.jpg,,10/20/2011 17:40:01,Davide Baltieri
226,5,Set_2\ID_67\Camera_5\Seq_1,video_226.bmp,video0000.jpg,,10/20/2011 17:40:01,Davide Baltieri
227,5,Set_2\ID_67\Camera_5\Seq_2,video_227.bmp,video0000.jpg,,10/20/2011 17:40:01,Davide Baltieri
228,5,Set_2\ID_67\Camera_5\Seq_3,video_228.bmp,video0000.jpg,,10/20/2011 17:40:01,Davide Baltieri
229,5,Set_2\ID_68\Camera_5\Seq_1,video_229.bmp,video0000.jpg,,10/20/2011 17:40:01,Davide Baltieri
230,5,Set_2\ID_68\Camera_5\Seq_2,video_230.bmp,video0000.jpg,,10/20/2011 17:40:01,Davide Baltieri
231,5,Set_2\ID_69\Camera_5\Seq_1,video_231.bmp,video0000.jpg,,10/20/2011 17:40:01,Davide Baltieri
232,5,Set_2\ID_69\Camera_5\Seq_2,video_232.bmp,video0000.jpg,,10/20/2011 17:40:01,Davide Baltieri
233,5,Set_2\ID_70\Camera_5\Seq_1,video_233.bmp,video0000.jpg,,10/20/2011 17:40:01,Davide Baltieri
234,5,Set_2\ID_70\Camera_5\Seq_2,video_234.bmp,video0000.jpg,,10/20/2011 17:40:01,Davide Baltieri
235,5,Set_2\ID_70\Camera_5\Seq_3,video_235.bmp,video0000.jpg,,10/20/2011 17:40:01,Davide Baltieri
236,1,Set_3\ID_71\Camera_1\Seq_1,video_236.bmp,video0000.jpg,,10/20/2011 17:40:01,Davide Baltieri
237,7,Set_3\ID_71\Camera_7\Seq_1,video_237.bmp,video0000.jpg,,10/20/2011 17:40:01,Davide Baltieri
238,1,Set_3\ID_72\Camera_1\Seq_1,video_238.bmp,video0000.jpg,,10/20/2011 17:40:01,Davide Baltieri
239,7,Set_3\ID_72\Camera_7\Seq_1,video_239.bmp,video0000.jpg,,10/20/2011 17:40:01,Davide Baltieri
240,1,Set_3\ID_73\Camera_1\Seq_1,video_240.bmp,video0000.jpg,,10/20/2011 17:40:01,Davide Baltieri
241,1,Set_3\ID_73\Camera_1\Seq_2,video_241.bmp,video0000.jpg,,10/20/2011 17:40:01,Davide Baltieri
242,7,Set_3\ID_73\Camera_7\Seq_1,video_242.bmp,video0000.jpg,,10/20/2011 17:40:01,Davide Baltieri
243,1,Set_3\ID_74\Camera_1\Seq_1,video_243.bmp,video0000.jpg,,10/20/2011 17:40:01,Davide Baltieri
244,1,Set_3\ID_74\Camera_1\Seq_2,video_244.bmp,video0012.jpg,,10/20/2011 17:40:01,Davide Baltieri
245,7,Set_3\ID_74\Camera_7\Seq_1,video_245.bmp,video0000.jpg,,10/20/2011 17:40:01,Davide Baltieri
246,7,Set_3\ID_74\Camera_7\Seq_2,video_246.bmp,video0000.jpg,,10/20/2011 17:40:01,Davide Baltieri
247,7,Set_3\ID_74\Camera_7\Seq_3,video_247.bmp,video0000.jpg,,10/20/2011 17:40:01,Davide Baltieri
248,1,Set_3\ID_75\Camera_1\Seq_1,video_248.bmp,video0000.jpg,,10/20/2011 17:40:01,Davide Baltieri
249,7,Set_3\ID_75\Camera_7\Seq_1,video_249.bmp,video0000.jpg,,10/20/2011 17:40:01,Davide Baltieri
250,1,Set_3\ID_76\Camera_1\Seq_1,video_250.bmp,video0000.jpg,,10/20/2011 17:40:01,Davide Baltieri
251,1,Set_3\ID_76\Camera_1\Seq_2,video_251.bmp,video0000.jpg,,10/20/2011 17:40:01,Davide Baltieri
252,7,Set_3\ID_76\Camera_7\Seq_1,video_252.bmp,video0000.jpg,,10/20/2011 17:40:01,Davide Baltieri
253,7,Set_3\ID_76\Camera_7\Seq_2,video_253.bmp,video0000.jpg,,10/20/2011 17:40:01,Davide Baltieri
254,1,Set_3\ID_77\Camera_1\Seq_1,video_254.bmp,video0012.jpg,,10/20/2011 17:40:01,Davide Baltieri
255,7,Set_3\ID_77\Camera_7\Seq_1,video_255.bmp,video0000.jpg,,10/20/2011 17:40:01,Davide Baltieri
256,1,Set_3\ID_78\Camera_1\Seq_1,video_256.bmp,video0000.jpg,,10/20/2011 17:40:01,Davide Baltieri
257,7,Set_3\ID_78\Camera_7\Seq_1,video_257.bmp,video0000.jpg,,10/20/2011 17:40:01,Davide Baltieri
258,1,Set_3\ID_79\Camera_1\Seq_1,video_258.bmp,video0000.jpg,,10/20/2011 17:40:01,Davide Baltieri
259,7,Set_3\ID_79\Camera_7\Seq_1,video_259.bmp,video0000.jpg,,10/20/2011 17:40:01,Davide Baltieri
260,1,Set_3\ID_80\Camera_1\Seq_1,video_260.bmp,video0000.jpg,,10/20/2011 17:40:01,Davide Baltieri
261,7,Set_3\ID_80\Camera_7\Seq_1,video_261.bmp,video0000.jpg,,10/20/2011 17:40:01,Davide Baltieri
264,1,Set_3\ID_82\Camera_1\Seq_1,video_264.bmp,video0000.jpg,,10/20/2011 17:40:01,Davide Baltieri
265,7,Set_3\ID_82\Camera_7\Seq_1,video_265.bmp,video0000.jpg,,10/20/2011 17:40:01,Davide Baltieri
266,1,Set_3\ID_83\Camera_1\Seq_1,video_266.bmp,video0000.jpg,,10/20/2011 17:40:01,Davide Baltieri
267,7,Set_3\ID_83\Camera_7\Seq_1,video_267.bmp,video0000.jpg,,10/20/2011 17:40:01,Davide Baltieri
268,7,Set_3\ID_84\Camera_7\Seq_1,video_268.bmp,video0000.jpg,,10/20/2011 17:40:01,Davide Baltieri
269,1,Set_3\ID_84\Camera_1\Seq_1,video_269.bmp,video0000.jpg,,10/20/2011 17:40:01,Davide Baltieri
270,1,Set_3\ID_85\Camera_1\Seq_1,video_270.bmp,video0000.jpg,,10/20/2011 17:40:01,Davide Baltieri
271,7,Set_3\ID_85\Camera_7\Seq_1,video_271.bmp,video0000.jpg,,10/20/2011 17:40:01,Davide Baltieri
272,1,Set_3\ID_86\Camera_1\Seq_1,video_272.bmp,video0000.jpg,,10/20/2011 17:40:01,Davide Baltieri
273,7,Set_3\ID_86\Camera_7\Seq_1,video_273.bmp,video0000.jpg,,10/20/2011 17:40:01,Davide Baltieri
274,1,Set_3\ID_87\Camera_1\Seq_1,video_274.bmp,video0000.jpg,,10/20/2011 17:40:01,Davide Baltieri
275,7,Set_3\ID_87\Camera_7\Seq_1,video_275.bmp,video0000.jpg,,10/20/2011 17:40:01,Davide Baltieri
276,1,Set_3\ID_88\Camera_1\Seq_1,video_276.bmp,video0000.jpg,,10/20/2011 17:40:01,Davide Baltieri
277,7,Set_3\ID_88\Camera_7\Seq_1,video_277.bmp,video0000.jpg,,10/20/2011 17:40:01,Davide Baltieri
278,1,Set_3\ID_89\Camera_1\Seq_1,video_278.bmp,video0000.jpg,,10/20/2011 17:40:01,Davide Baltieri
279,7,Set_3\ID_89\Camera_7\Seq_1,video_279.bmp,video0000.jpg,,10/20/2011 17:40:01,Davide Baltieri
280,1,Set_3\ID_90\Camera_1\Seq_1,video_280.bmp,video0000.jpg,,10/20/2011 17:40:01,Davide Baltieri
281,7,Set_3\ID_90\Camera_7\Seq_1,video_281.bmp,video0000.jpg,,10/20/2011 17:40:01,Davide Baltieri
282,1,Set_3\ID_91\Camera_1\Seq_1,video_282.bmp,video_90000.jpeg,,10/20/2011 17:40:01,Davide Baltieri
283,7,Set_3\ID_91\Camera_7\Seq_1,video_283.bmp,video_90000.jpeg,,10/20/2011 17:40:01,Davide Baltieri
284,1,Set_3\ID_92\Camera_1\Seq_1,video_284.bmp,video_90000.jpeg,,10/20/2011 17:40:01,Davide Baltieri
285,7,Set_3\ID_92\Camera_7\Seq_1,video_285.bmp,video_90000.jpeg,,10/20/2011 17:40:01,Davide Baltieri
286,1,Set_3\ID_93\Camera_1\Seq_1,video_286.bmp,video_90000.jpeg,,10/20/2011 17:40:01,Davide Baltieri
287,7,Set_3\ID_93\Camera_7\Seq_1,video_287.bmp,video_90000.jpeg,,10/20/2011 17:40:01,Davide Baltieri
288,1,Set_3\ID_94\Camera_1\Seq_1,video_288.bmp,video_90000.jpeg,,10/20/2011 17:40:01,Davide Baltieri
289,7,Set_3\ID_94\Camera_7\Seq_1,video_289.bmp,video_90000.jpeg,,10/20/2011 17:40:01,Davide Baltieri
290,1,Set_3\ID_95\Camera_1\Seq_1,video_290.bmp,video_90000.jpeg,,10/20/2011 17:40:01,Davide Baltieri
291,7,Set_3\ID_95\Camera_7\Seq_1,video_291.bmp,video_90000.jpeg,,10/20/2011 17:40:01,Davide Baltieri
292,1,Set_3\ID_96\Camera_1\Seq_1,video_292.bmp,video_90000.jpeg,,10/20/2011 17:40:01,Davide Baltieri
293,7,Set_3\ID_96\Camera_7\Seq_1,video_293.bmp,video_90000.jpeg,,10/20/2011 17:40:01,Davide Baltieri
294,1,Set_3\ID_97\Camera_1\Seq_1,video_294.bmp,video_90000.jpeg,,10/20/2011 17:40:01,Davide Baltieri
295,7,Set_3\ID_97\Camera_7\Seq_1,video_295.bmp,video_90000.jpeg,,10/20/2011 17:40:01,Davide Baltieri
296,1,Set_3\ID_98\Camera_1\Seq_1,video_296.bmp,video_90000.jpeg,,10/20/2011 17:40:01,Davide Baltieri
297,7,Set_3\ID_98\Camera_7\Seq_1,video_297.bmp,video_90000.jpeg,,10/20/2011 17:40:01,Davide Baltieri
298,1,Set_3\ID_99\Camera_1\Seq_1,video_298.bmp,video_90000.jpg,,10/20/2011 17:40:01,Davide Baltieri
299,1,Set_3\ID_99\Camera_1\Seq_2,video_299.bmp,video_90000.jpg,,10/20/2011 17:40:01,Davide Baltieri
300,7,Set_3\ID_99\Camera_7\Seq_1,video_300.bmp,video_90000.jpg,,10/20/2011 17:40:01,Davide Baltieri
301,1,Set_3\ID_100\Camera_1\Seq_1,video_301.bmp,video_90000.jpg,,10/20/2011 17:40:01,Davide Baltieri
302,7,Set_3\ID_100\Camera_7\Seq_1,video_302.bmp,video_90000.jpg,,10/20/2011 17:40:01,Davide Baltieri
305,1,Set_3\ID_102\Camera_1\Seq_1,video_305.bmp,video0000.jpg,,10/24/2011 16:40:29,Davide Baltieri
306,7,Set_3\ID_102\Camera_7\Seq_1,video_306.bmp,video0000.jpg,,10/24/2011 16:41:20,Davide Baltieri
307,1,Set_3\ID_103\Camera_1\Seq_1,video_307.bmp,video0000.jpg,,10/24/2011 16:41:31,Davide Baltieri
308,7,Set_3\ID_103\Camera_7\Seq_1,video_308.bmp,video0000.jpg,,10/24/2011 16:41:34,Davide Baltieri
309,1,Set_3\ID_104\Camera_1\Seq_1,video_309.bmp,video0000.jpg,,10/24/2011 16:41:36,Davide Baltieri
310,7,Set_3\ID_104\Camera_7\Seq_1,video_310.bmp,video0000.jpg,,10/24/2011 16:43:01,Davide Baltieri
311,1,Set_3\ID_105\Camera_1\Seq_1,video_311.bmp,video0000.jpg,,10/24/2011 16:43:02,Davide Baltieri
312,7,Set_3\ID_105\Camera_7\Seq_1,video_312.bmp,video0000.jpg,,10/24/2011 16:43:03,Davide Baltieri
313,1,Set_3\ID_106\Camera_1\Seq_1,video_313.bmp,video0000.jpg,,10/24/2011 16:43:04,Davide Baltieri
314,7,Set_3\ID_106\Camera_7\Seq_1,video_314.bmp,video0000.jpg,,10/24/2011 16:43:04,Davide Baltieri
315,1,Set_3\ID_107\Camera_1\Seq_1,video_315.bmp,video0000.jpg,,10/24/2011 16:43:05,Davide Baltieri
316,7,Set_3\ID_107\Camera_7\Seq_1,video_316.bmp,video0000.jpg,,10/24/2011 16:43:06,Davide Baltieri
317,1,Set_3\ID_108\Camera_1\Seq_1,video_317.bmp,video0000.jpg,,10/24/2011 16:43:06,Davide Baltieri
318,7,Set_3\ID_108\Camera_7\Seq_1,video_318.bmp,video0000.jpg,,10/24/2011 16:43:07,Davide Baltieri
319,1,Set_3\ID_109\Camera_1\Seq_1,video_319.bmp,video0000.jpg,,10/24/2011 16:43:08,Davide Baltieri
320,7,Set_3\ID_109\Camera_7\Seq_1,video_320.bmp,video0000.jpg,,10/24/2011 16:43:08,Davide Baltieri
321,1,Set_3\ID_110\Camera_1\Seq_1,video_321.bmp,video0000.jpg,,10/24/2011 16:43:09,Davide Baltieri
322,7,Set_3\ID_110\Camera_7\Seq_1,video_322.bmp,video0000.jpg,,10/24/2011 16:43:10,Davide Baltieri
323,1,Set_3\ID_111\Camera_1\Seq_1,video_323.bmp,video0000.jpg,,10/24/2011 16:43:11,Davide Baltieri
324,7,Set_3\ID_111\Camera_7\Seq_1,video_324.bmp,video0000.jpg,,10/24/2011 16:43:47,Davide Baltieri
325,1,Set_4\ID_112\Camera_1\Seq_1,video_325.bmp,video0000.jpg,,10/24/2011 16:43:47,Davide Baltieri
326,8,Set_4\ID_112\Camera_8\Seq_1,video_326.bmp,video0000.jpg,,10/24/2011 16:45:18,Davide Baltieri
327,1,Set_4\ID_113\Camera_1\Seq_1,video_327.bmp,video0000.jpg,,10/24/2011 16:45:50,Davide Baltieri
328,8,Set_4\ID_113\Camera_8\Seq_1,video_328.bmp,video0000.jpg,,10/24/2011 16:46:25,Davide Baltieri
329,1,Set_4\ID_114\Camera_1\Seq_1,video_329.bmp,video0000.jpg,,10/24/2011 16:46:26,Davide Baltieri
330,8,Set_4\ID_114\Camera_8\Seq_1,video_330.bmp,video0000.jpg,,10/24/2011 16:46:27,Davide Baltieri
331,1,Set_4\ID_115\Camera_1\Seq_1,video_331.bmp,video0000.jpg,,10/24/2011 16:46:28,Davide Baltieri
332,8,Set_4\ID_115\Camera_8\Seq_1,video_332.bmp,video0000.jpg,,10/24/2011 16:46:29,Davide Baltieri
333,8,Set_4\ID_116\Camera_8\Seq_1,video_333.bmp,video0000.jpg,,10/24/2011 16:46:30,Davide Baltieri
334,8,Set_4\ID_116\Camera_8\Seq_2,video_334.bmp,video0000.jpg,,10/24/2011 16:46:56,Davide Baltieri
335,8,Set_4\ID_116\Camera_8\Seq_3,video_335.bmp,video0000.jpg,,10/24/2011 16:46:56,Davide Baltieri
336,8,Set_4\ID_116\Camera_8\Seq_4,video_336.bmp,video0000.jpg,,10/24/2011 16:46:57,Davide Baltieri
337,1,Set_4\ID_117\Camera_1\Seq_1,video_337.bmp,video0000.jpg,,10/24/2011 16:47:14,Davide Baltieri
338,1,Set_4\ID_117\Camera_1\Seq_2,video_338.bmp,video0000.jpg,,10/24/2011 16:47:32,Davide Baltieri
339,8,Set_4\ID_117\Camera_8\Seq_1,video_339.bmp,video0000.jpg,,10/24/2011 16:47:33,Davide Baltieri
340,8,Set_4\ID_117\Camera_8\Seq_2,video_340.bmp,video0000.jpg,,10/24/2011 16:47:42,Davide Baltieri
341,1,Set_4\ID_118\Camera_1\Seq_1,video_341.bmp,video0000.jpg,,10/24/2011 16:47:43,Davide Baltieri
342,8,Set_4\ID_118\Camera_8\Seq_1,video_342.bmp,video0000.jpg,,10/24/2011 16:48:06,Davide Baltieri
343,8,Set_4\ID_118\Camera_8\Seq_2,video_343.bmp,video0000.jpg,,10/24/2011 16:48:07,Davide Baltieri
345,1,Set_4\ID_119\Camera_1\Seq_1,video_344.bmp,video0000.jpg,,10/24/2011 16:48:08,Davide Baltieri
346,1,Set_4\ID_119\Camera_1\Seq_2,video_345.bmp,video0000.jpg,,10/24/2011 16:48:39,Davide Baltieri
347,8,Set_4\ID_119\Camera_8\Seq_1,video_346.bmp,video0000.jpg,,10/24/2011 16:48:39,Davide Baltieri
348,8,Set_4\ID_119\Camera_8\Seq_2,video_347.bmp,video0000.jpg,,10/24/2011 16:48:40,Davide Baltieri
349,8,Set_4\ID_119\Camera_8\Seq_3,video_348.bmp,video0000.jpg,,10/24/2011 16:48:41,Davide Baltieri
350,1,Set_4\ID_120\Camera_1\Seq_1,video_349.bmp,video0000.jpg,,10/24/2011 16:48:41,Davide Baltieri
351,8,Set_4\ID_120\Camera_8\Seq_1,video_350.bmp,video0000.jpg,,10/24/2011 16:49:15,Davide Baltieri
352,1,Set_4\ID_121\Camera_1\Seq_1,video_351.bmp,video0000.jpg,,10/24/2011 16:49:15,Davide Baltieri
353,8,Set_4\ID_121\Camera_8\Seq_1,video_352.bmp,video0000.jpg,,10/24/2011 16:49:42,Davide Baltieri
355,8,Set_4\ID_122\Camera_8\Seq_1,video_353.bmp,video0000.jpg,,10/24/2011 16:49:52,Davide Baltieri
356,8,Set_4\ID_122\Camera_8\Seq_2,video_354.bmp,video0000.jpg,,10/24/2011 16:49:58,Davide Baltieri
357,8,Set_4\ID_122\Camera_8\Seq_3,video_355.bmp,video0000.jpg,,10/24/2011 16:49:59,Davide Baltieri
358,8,Set_4\ID_122\Camera_8\Seq_4,video_356.bmp,video0000.jpg,,10/24/2011 16:50:00,Davide Baltieri
359,1,Set_4\ID_123\Camera_1\Seq_1,video_357.bmp,video0000.jpg,,10/24/2011 16:50:01,Davide Baltieri
360,8,Set_4\ID_123\Camera_8\Seq_1,video_358.bmp,video0000.jpg,,10/24/2011 16:50:34,Davide Baltieri
362,8,Set_4\ID_124\Camera_8\Seq_1,video_359.bmp,video0000.jpg,,10/24/2011 16:50:48,Davide Baltieri
363,8,Set_4\ID_124\Camera_8\Seq_2,video_360.bmp,video0000.jpg,,10/24/2011 16:50:49,Davide Baltieri
364,1,Set_4\ID_125\Camera_1\Seq_1,video_361.bmp,video0000.jpg,,10/24/2011 16:50:50,Davide Baltieri
365,1,Set_4\ID_125\Camera_1\Seq_2,video_362.bmp,video0000.jpg,,10/24/2011 16:51:14,Davide Baltieri
366,1,Set_4\ID_125\Camera_1\Seq_3,video_363.bmp,video0000.jpg,,10/24/2011 16:51:15,Davide Baltieri
367,8,Set_4\ID_125\Camera_8\Seq_1,video_364.bmp,video0000.jpg,,10/24/2011 16:51:15,Davide Baltieri
368,1,Set_4\ID_126\Camera_1\Seq_1,video_365.bmp,video0000.jpg,,10/24/2011 16:51:29,Davide Baltieri
369,8,Set_4\ID_126\Camera_8\Seq_1,video_366.bmp,video0000.jpg,,10/24/2011 16:52:45,Davide Baltieri
370,1,Set_4\ID_127\Camera_1\Seq_1,video_367.bmp,video0000.jpg,,10/24/2011 16:52:45,Davide Baltieri
371,8,Set_4\ID_127\Camera_8\Seq_1,video_368.bmp,video0000.jpg,,10/24/2011 16:52:52,Davide Baltieri
372,1,Set_4\ID_128\Camera_1\Seq_1,video_369.bmp,video0000.jpg,,10/24/2011 16:52:53,Davide Baltieri
373,8,Set_4\ID_128\Camera_8\Seq_1,video_370.bmp,video0000.jpg,,10/24/2011 16:53:01,Davide Baltieri
374,1,Set_4\ID_129\Camera_1\Seq_1,video_371.bmp,video0000.jpg,,10/24/2011 16:53:01,Davide Baltieri
375,8,Set_4\ID_129\Camera_8\Seq_1,video_372.bmp,video0000.jpg,,10/24/2011 16:53:08,Davide Baltieri
376,1,Set_4\ID_130\Camera_1\Seq_1,video_373.bmp,video0000.jpg,,10/24/2011 16:53:08,Davide Baltieri
377,8,Set_4\ID_130\Camera_8\Seq_1,video_374.bmp,video0000.jpg,,10/24/2011 16:53:14,Davide Baltieri
378,1,Set_4\ID_131\Camera_1\Seq_1,video_375.bmp,video0000.jpg,,10/24/2011 16:53:14,Davide Baltieri
379,8,Set_4\ID_131\Camera_8\Seq_1,video_376.bmp,video0000.jpg,,10/24/2011 16:53:23,Davide Baltieri
380,1,Set_4\ID_132\Camera_1\Seq_1,video_377.bmp,video0000.jpg,,10/24/2011 16:53:26,Davide Baltieri
381,8,Set_4\ID_132\Camera_8\Seq_1,video_378.bmp,video0000.jpg,,10/24/2011 16:53:29,Davide Baltieri
382,1,Set_4\ID_133\Camera_1\Seq_1,video_379.bmp,video0000.jpg,,10/24/2011 16:53:30,Davide Baltieri
383,8,Set_4\ID_133\Camera_8\Seq_1,video_380.bmp,video0000.jpg,,10/24/2011 16:53:36,Davide Baltieri
384,1,Set_4\ID_134\Camera_1\Seq_1,video_381.bmp,video0000.jpg,,10/24/2011 16:53:37,Davide Baltieri
385,8,Set_4\ID_134\Camera_8\Seq_1,video_382.bmp,video0000.jpg,,10/24/2011 16:53:49,Davide Baltieri
386,1,Set_4\ID_135\Camera_1\Seq_1,video_383.bmp,video0000.jpg,,10/24/2011 16:53:50,Davide Baltieri
387,8,Set_4\ID_135\Camera_8\Seq_1,video_384.bmp,video0000.jpg,,10/24/2011 16:53:57,Davide Baltieri
388,1,Set_4\ID_136\Camera_1\Seq_1,video_385.bmp,video0000.jpg,,10/24/2011 16:53:57,Davide Baltieri
389,8,Set_4\ID_136\Camera_8\Seq_1,video_386.bmp,video0000.jpg,,10/24/2011 16:54:05,Davide Baltieri
390,1,Set_4\ID_137\Camera_1\Seq_1,video_387.bmp,video0000.jpg,,10/24/2011 16:54:05,Davide Baltieri
391,1,Set_4\ID_137\Camera_1\Seq_2,video_388.bmp,video0000.jpg,,10/24/2011 16:54:13,Davide Baltieri
393,1,Set_4\ID_138\Camera_1\Seq_1,video_389.bmp,video0000.jpg,,10/24/2011 16:54:22,Davide Baltieri
394,8,Set_4\ID_138\Camera_8\Seq_1,video_390.bmp,video0000.jpg,,10/24/2011 16:54:33,Davide Baltieri
395,1,Set_4\ID_139\Camera_1\Seq_1,video_391.bmp,video0000.jpg,,10/24/2011 16:54:35,Davide Baltieri
396,8,Set_4\ID_139\Camera_8\Seq_1,video_392.bmp,video0000.jpg,,10/24/2011 16:54:46,Davide Baltieri
397,8,Set_5\ID_140\Camera_8\Seq_1,video_393.bmp,video0000.jpg,,10/24/2011 16:54:47,Davide Baltieri
398,9,Set_5\ID_140\Camera_9\Seq_1,video_394.bmp,video0000.jpg,,10/24/2011 16:55:42,Davide Baltieri
399,8,Set_5\ID_141\Camera_8\Seq_1,video_395.bmp,video0000.jpg,,10/24/2011 16:55:55,Davide Baltieri
400,9,Set_5\ID_141\Camera_9\Seq_1,video_396.bmp,video0000.jpg,,10/24/2011 16:56:27,Davide Baltieri
401,8,Set_5\ID_142\Camera_8\Seq_1,video_397.bmp,video0000.jpg,,10/24/2011 16:56:27,Davide Baltieri
402,9,Set_5\ID_142\Camera_9\Seq_1,video_398.bmp,video0000.jpg,,10/24/2011 16:56:33,Davide Baltieri
403,8,Set_5\ID_143\Camera_8\Seq_1,video_399.bmp,video0000.jpg,,10/24/2011 16:56:34,Davide Baltieri
404,9,Set_5\ID_143\Camera_9\Seq_1,video_400.bmp,video0000.jpg,,10/24/2011 16:56:38,Davide Baltieri
405,8,Set_5\ID_144\Camera_8\Seq_1,video_401.bmp,video0000.jpg,,10/24/2011 16:56:39,Davide Baltieri
406,9,Set_5\ID_144\Camera_9\Seq_1,video_402.bmp,video0000.jpg,,10/24/2011 16:56:45,Davide Baltieri
407,8,Set_5\ID_145\Camera_8\Seq_1,video_403.bmp,video0000.jpg,,10/24/2011 16:56:46,Davide Baltieri
408,8,Set_5\ID_145\Camera_8\Seq_2,video_404.bmp,video0000.jpg,,10/24/2011 16:56:54,Davide Baltieri
409,8,Set_5\ID_145\Camera_8\Seq_3,video_405.bmp,video0000.jpg,,10/24/2011 16:56:57,Davide Baltieri
410,8,Set_5\ID_145\Camera_8\Seq_4,video_406.bmp,video0000.jpg,,10/24/2011 16:56:58,Davide Baltieri
411,9,Set_5\ID_145\Camera_9\Seq_1,video_407.bmp,video0000.jpg,,10/24/2011 16:56:58,Davide Baltieri
412,9,Set_5\ID_145\Camera_9\Seq_2,video_408.bmp,video0000.jpg,,10/24/2011 16:57:13,Davide Baltieri
413,9,Set_5\ID_145\Camera_9\Seq_3,video_409.bmp,video0000.jpg,,10/24/2011 16:57:14,Davide Baltieri
414,9,Set_5\ID_145\Camera_9\Seq_4,video_410.bmp,video0000.jpg,,10/24/2011 16:57:15,Davide Baltieri
415,8,Set_5\ID_146\Camera_8\Seq_1,video_411.bmp,video0000.jpg,,10/24/2011 16:57:15,Davide Baltieri
416,8,Set_5\ID_146\Camera_8\Seq_2,video_412.bmp,video0000.jpg,,10/24/2011 16:57:52,Davide Baltieri
417,8,Set_5\ID_146\Camera_9\Seq_1,video_413.bmp,video0000.jpg,,10/24/2011 16:57:53,Davide Baltieri
418,8,Set_5\ID_146\Camera_9\Seq_2,video_414.bmp,video0000.jpg,,10/24/2011 16:57:54,Davide Baltieri
419,8,Set_5\ID_147\Camera_8\Seq_1,video_415.bmp,video0000.jpg,,10/24/2011 16:57:54,Davide Baltieri
420,9,Set_5\ID_147\Camera_9\Seq_1,video_416.bmp,video0000.jpg,,10/24/2011 16:58:18,Davide Baltieri
421,8,Set_5\ID_148\Camera_8\Seq_1,video_417.bmp,video0000.jpg,,10/24/2011 16:58:19,Davide Baltieri
422,8,Set_5\ID_148\Camera_8\Seq_2,video_418.bmp,video0000.jpg,,10/24/2011 16:58:26,Davide Baltieri
423,8,Set_5\ID_148\Camera_8\Seq_3,video_419.bmp,video0000.jpg,,10/24/2011 16:58:27,Davide Baltieri
424,8,Set_6\ID_204\Camera_8\Seq_4,video_420.bmp,video0000.jpg,,10/24/2011 16:58:27,Davide Baltieri
425,8,Set_6\ID_204\Camera_8\Seq_5,video_421.bmp,video0000.jpg,,10/24/2011 16:58:28,Davide Baltieri
427,8,Set_5\ID_149\Camera_8\Seq_1,video_422.bmp,video0000.jpg,,10/24/2011 16:59:06,Davide Baltieri
428,9,Set_5\ID_149\Camera_9\Seq_1,video_423.bmp,video0000.jpg,,10/24/2011 16:59:17,Davide Baltieri
429,8,Set_5\ID_150\Camera_8\Seq_1,video_424.bmp,video0000.jpg,,10/24/2011 16:59:18,Davide Baltieri
430,8,Set_5\ID_150\Camera_8\Seq_2,video_425.bmp,video0000.jpg,,10/24/2011 16:59:28,Davide Baltieri
431,8,Set_5\ID_150\Camera_8\Seq_3,video_426.bmp,video0000.jpg,,10/24/2011 16:59:32,Davide Baltieri
432,8,Set_5\ID_150\Camera_8\Seq_4,video_427.bmp,video0000.jpg,,10/24/2011 16:59:34,Davide Baltieri
433,8,Set_5\ID_150\Camera_8\Seq_5,video_428.bmp,video0000.jpg,,10/24/2011 16:59:34,Davide Baltieri
434,8,Set_5\ID_150\Camera_8\Seq_6,video_429.bmp,video0000.jpg,,10/24/2011 16:59:35,Davide Baltieri
435,8,Set_5\ID_150\Camera_8\Seq_7,video_430.bmp,video0000.jpg,,10/24/2011 16:59:35,Davide Baltieri
436,8,Set_5\ID_150\Camera_8\Seq_8,video_431.bmp,video0000.jpg,,10/24/2011 16:59:36,Davide Baltieri
437,9,Set_5\ID_150\Camera_9\Seq_1,video_432.bmp,video0000.jpg,,10/24/2011 16:59:37,Davide Baltieri
438,9,Set_5\ID_150\Camera_9\Seq_2,video_433.bmp,video0000.jpg,,10/24/2011 16:59:52,Davide Baltieri
439,9,Set_5\ID_150\Camera_9\Seq_3,video_434.bmp,video0000.jpg,,10/24/2011 16:59:53,Davide Baltieri
440,9,Set_5\ID_150\Camera_9\Seq_4,video_435.bmp,video0000.jpg,,10/24/2011 16:59:53,Davide Baltieri
441,8,Set_5\ID_151\Camera_8\Seq_1,video_436.bmp,video0000.jpg,,10/24/2011 16:59:54,Davide Baltieri
442,9,Set_5\ID_151\Camera_9\Seq_1,video_437.bmp,video0000.jpg,,10/24/2011 17:00:15,Davide Baltieri
443,8,Set_5\ID_152\Camera_8\Seq_1,video_438.bmp,video0000.jpg,,10/24/2011 17:00:16,Davide Baltieri
444,8,Set_5\ID_152\Camera_8\Seq_2,video_439.bmp,video0000.jpg,,10/24/2011 17:00:22,Davide Baltieri
445,8,Set_5\ID_152\Camera_8\Seq_3,video_440.bmp,video0000.jpg,,10/24/2011 17:00:23,Davide Baltieri
446,8,Set_5\ID_152\Camera_8\Seq_4,video_441.bmp,video0000.jpg,,10/24/2011 17:00:24,Davide Baltieri
447,9,Set_5\ID_152\Camera_9\Seq_1,video_442.bmp,video0000.jpg,,10/24/2011 17:00:24,Davide Baltieri
448,9,Set_5\ID_152\Camera_9\Seq_2,video_443.bmp,video0000.jpg,,10/24/2011 17:00:37,Davide Baltieri
449,9,Set_5\ID_152\Camera_9\Seq_3,video_444.bmp,video0000.jpg,,10/24/2011 17:00:38,Davide Baltieri
450,8,Set_5\ID_153\Camera_8\Seq_1,video_445.bmp,video0000.jpg,,10/24/2011 17:00:38,Davide Baltieri
451,9,Set_5\ID_153\Camera_9\Seq_1,video_446.bmp,video0000.jpg,,10/24/2011 17:00:56,Davide Baltieri
452,8,Set_5\ID_154\Camera_8\Seq_1,video_447.bmp,video0000.jpg,,10/24/2011 17:00:56,Davide Baltieri
453,9,Set_5\ID_154\Camera_9\Seq_1,video_448.bmp,video0000.jpg,,10/24/2011 17:01:11,Davide Baltieri
454,8,Set_5\ID_155\Camera_8\Seq_1,video_449.bmp,video0000.jpg,,10/24/2011 17:01:11,Davide Baltieri
455,8,Set_5\ID_155\Camera_8\Seq_2,video_450.bmp,video0000.jpg,,10/24/2011 17:01:26,Davide Baltieri
456,8,Set_5\ID_155\Camera_8\Seq_3,video_451.bmp,video0000.jpg,,10/24/2011 17:01:26,Davide Baltieri
457,8,Set_5\ID_155\Camera_8\Seq_4,video_452.bmp,video0000.jpg,,10/24/2011 17:01:27,Davide Baltieri
458,9,Set_5\ID_155\Camera_9\Seq_1,video_453.bmp,video0000.jpg,,10/24/2011 17:01:27,Davide Baltieri
459,9,Set_5\ID_155\Camera_9\Seq_2,video_454.bmp,video0000.jpg,,10/24/2011 17:01:40,Davide Baltieri
460,9,Set_5\ID_155\Camera_9\Seq_3,video_455.bmp,video0000.jpg,,10/24/2011 17:01:41,Davide Baltieri
461,9,Set_5\ID_155\Camera_9\Seq_4,video_456.bmp,video0000.jpg,,10/24/2011 17:01:42,Davide Baltieri
462,9,Set_5\ID_155\Camera_9\Seq_5,video_457.bmp,video0000.jpg,,10/24/2011 17:01:42,Davide Baltieri
463,8,Set_5\ID_156\Camera_8\Seq_1,video_458.bmp,video0000.jpg,,10/24/2011 17:01:43,Davide Baltieri
464,9,Set_5\ID_156\Camera_9\Seq_1,video_459.bmp,video0000.jpg,,10/24/2011 17:02:16,Davide Baltieri
466,9,Set_5\ID_157\Camera_9\Seq_1,video_460.bmp,video0000.jpg,,10/24/2011 17:02:23,Davide Baltieri
467,9,Set_5\ID_157\Camera_9\Seq_2,video_461.bmp,video0000.jpg,,10/24/2011 17:02:26,Davide Baltieri
468,9,Set_5\ID_157\Camera_9\Seq_3,video_462.bmp,video0000.jpg,,10/24/2011 17:02:26,Davide Baltieri
469,9,Set_5\ID_158\Camera_9\Seq_1,video_463.bmp,video0000.jpg,,10/24/2011 17:02:27,Davide Baltieri
470,9,Set_5\ID_158\Camera_9\Seq_2,video_464.bmp,video0000.jpg,,10/24/2011 17:02:47,Davide Baltieri
471,8,Set_5\ID_159\Camera_8\Seq_1,video_465.bmp,video0000.jpg,,10/24/2011 17:02:48,Davide Baltieri
472,9,Set_5\ID_159\Camera_9\Seq_1,video_466.bmp,video0000.jpg,,10/24/2011 17:03:07,Davide Baltieri
473,9,Set_5\ID_160\Camera_9\Seq_1,video_467.bmp,video0000.jpg,,10/24/2011 17:03:08,Davide Baltieri
474,9,Set_5\ID_160\Camera_9\Seq_2,video_468.bmp,video0000.jpg,,10/24/2011 17:03:19,Davide Baltieri
475,8,Set_5\ID_161\Camera_8\Seq_1,video_469.bmp,video0000.jpg,,10/24/2011 17:03:19,Davide Baltieri
476,8,Set_5\ID_161\Camera_8\Seq_2,video_470.bmp,video0000.jpg,,10/24/2011 17:03:45,Davide Baltieri
477,9,Set_5\ID_161\Camera_9\Seq_1,video_471.bmp,video0000.jpg,,10/24/2011 17:03:46,Davide Baltieri
478,9,Set_5\ID_161\Camera_9\Seq_2,video_472.bmp,video0000.jpg,,10/24/2011 17:03:47,Davide Baltieri
479,8,Set_5\ID_162\Camera_8\Seq_1,video_473.bmp,video0000.jpg,,10/24/2011 17:03:49,Davide Baltieri
480,9,Set_5\ID_162\Camera_9\Seq_1,video_474.bmp,video0000.jpg,,10/24/2011 17:04:05,Davide Baltieri
481,9,Set_5\ID_162\Camera_9\Seq_2,video_475.bmp,video0000.jpg,,10/24/2011 17:04:08,Davide Baltieri
482,8,Set_5\ID_163\Camera_8\Seq_1,video_476.bmp,video0000.jpg,,10/24/2011 17:04:09,Davide Baltieri
483,8,Set_5\ID_163\Camera_8\Seq_2,video_477.bmp,video0000.jpg,,10/24/2011 17:16:02,Davide Baltieri
484,9,Set_5\ID_163\Camera_9\Seq_1,video_478.bmp,video0000.jpg,,10/24/2011 17:16:03,Davide Baltieri
485,8,Set_5\ID_164\Camera_8\Seq_1,video_479.bmp,video0000.jpg,,10/24/2011 17:16:08,Davide Baltieri
486,9,Set_5\ID_164\Camera_9\Seq_1,video_480.bmp,video0000.jpg,,10/24/2011 17:16:25,Davide Baltieri
487,9,Set_5\ID_165\Camera_9\Seq_1,video_481.bmp,video0000.jpg,,10/24/2011 17:16:26,Davide Baltieri
488,9,Set_5\ID_165\Camera_9\Seq_2,video_482.bmp,video0000.jpg,,10/24/2011 17:16:34,Davide Baltieri
489,8,Set_5\ID_166\Camera_8\Seq_1,video_483.bmp,video0000.jpg,,10/24/2011 17:16:35,Davide Baltieri
490,8,Set_5\ID_166\Camera_8\Seq_2,video_484.bmp,video0000.jpg,,10/24/2011 17:16:51,Davide Baltieri
491,9,Set_5\ID_166\Camera_9\Seq_1,video_485.bmp,video0000.jpg,,10/24/2011 17:16:52,Davide Baltieri
492,8,Set_5\ID_167\Camera_8\Seq_1,video_486.bmp,video0000.jpg,,10/24/2011 17:16:53,Davide Baltieri
493,9,Set_5\ID_167\Camera_9\Seq_1,video_487.bmp,video0000.jpg,,10/24/2011 17:17:26,Davide Baltieri
494,8,Set_5\ID_168\Camera_8\Seq_1,video_488.bmp,video0000.jpg,,10/24/2011 17:17:27,Davide Baltieri
495,9,Set_5\ID_168\Camera_9\Seq_1,video_489.bmp,video0000.jpg,,10/24/2011 17:17:32,Davide Baltieri
496,9,Set_5\ID_169\Camera_9\Seq_1,video_490.bmp,video0000.jpg,,10/24/2011 17:17:33,Davide Baltieri
497,9,Set_5\ID_169\Camera_9\Seq_2,video_491.bmp,video0000.jpg,,10/24/2011 17:17:39,Davide Baltieri
498,8,Set_5\ID_170\Camera_8\Seq_1,video_492.bmp,video0000.jpg,,10/24/2011 17:17:44,Davide Baltieri
499,9,Set_5\ID_170\Camera_9\Seq_1,video_493.bmp,video0000.jpg,,10/24/2011 17:18:02,Davide Baltieri
500,8,Set_5\ID_171\Camera_8\Seq_1,video_494.bmp,video0000.jpg,,10/24/2011 17:18:03,Davide Baltieri
501,8,Set_5\ID_171\Camera_8\Seq_2,video_495.bmp,video0000.jpg,,10/24/2011 17:18:13,Davide Baltieri
502,8,Set_5\ID_171\Camera_8\Seq_3,video_496.bmp,video0000.jpg,,10/24/2011 17:18:14,Davide Baltieri
503,8,Set_5\ID_171\Camera_8\Seq_4,video_497.bmp,video0000.jpg,,10/24/2011 17:18:14,Davide Baltieri
504,8,Set_5\ID_171\Camera_8\Seq_5,video_498.bmp,video0000.jpg,,10/24/2011 17:18:15,Davide Baltieri
505,8,Set_5\ID_172\Camera_8\Seq_1,video_499.bmp,video0000.jpg,,10/24/2011 17:18:16,Davide Baltieri
506,9,Set_5\ID_172\Camera_9\Seq_1,video_500.bmp,video0000.jpg,,10/24/2011 17:18:46,Davide Baltieri
509,8,Set_5\ID_174\Camera_8\Seq_1,video_501.bmp,video0000.jpg,,10/24/2011 17:18:52,Davide Baltieri
510,8,Set_5\ID_174\Camera_8\Seq_2,video_502.bmp,video0000.jpg,,10/24/2011 17:18:59,Davide Baltieri
511,8,Set_5\ID_175\Camera_8\Seq_1,video_503.bmp,video0000.jpg,,10/24/2011 17:19:00,Davide Baltieri
512,9,Set_5\ID_175\Camera_9\Seq_1,video_504.bmp,video0000.jpg,,10/24/2011 17:19:15,Davide Baltieri
513,8,Set_5\ID_176\Camera_8\Seq_1,video_505.bmp,video0000.jpg,,10/24/2011 17:19:15,Davide Baltieri
514,8,Set_5\ID_176\Camera_8\Seq_2,video_506.bmp,video0000.jpg,,10/24/2011 17:19:24,Davide Baltieri
515,9,Set_5\ID_177\Camera_9\Seq_1,video_507.bmp,video0000.jpg,,10/24/2011 17:19:24,Davide Baltieri
516,9,Set_5\ID_177\Camera_9\Seq_2,video_508.bmp,video0000.jpg,,10/24/2011 17:19:39,Davide Baltieri
517,9,Set_5\ID_178\Camera_9\Seq_1,video_509.bmp,video0000.jpg,,10/24/2011 17:19:40,Davide Baltieri
518,9,Set_5\ID_178\Camera_9\Seq_2,video_510.bmp,video0000.jpg,,10/24/2011 17:19:56,Davide Baltieri
519,8,Set_5\ID_179\Camera_8\Seq_1,video_511.bmp,video0000.jpg,,10/24/2011 17:19:56,Davide Baltieri
520,9,Set_5\ID_179\Camera_9\Seq_1,video_512.bmp,video0000.jpg,,10/24/2011 17:20:20,Davide Baltieri
521,8,Set_5\ID_180\Camera_8\Seq_1,video_513.bmp,video0000.jpg,,10/24/2011 17:20:21,Davide Baltieri
522,9,Set_5\ID_180\Camera_9\Seq_1,video_514.bmp,video0000.jpg,,10/24/2011 17:20:26,Davide Baltieri
523,9,Set_5\ID_181\Camera_9\Seq_1,video_515.bmp,video0000.jpg,,10/24/2011 17:20:27,Davide Baltieri
524,9,Set_5\ID_181\Camera_9\Seq_2,video_516.bmp,video0000.jpg,,10/24/2011 17:20:38,Davide Baltieri
525,9,Set_5\ID_181\Camera_9\Seq_3,video_517.bmp,video0000.jpg,,10/24/2011 17:20:38,Davide Baltieri
526,8,Set_5\ID_182\Camera_8\Seq_1,video_518.bmp,video0000.jpg,,10/24/2011 17:20:39,Davide Baltieri
527,8,Set_5\ID_182\Camera_8\Seq_2,video_519.bmp,video0000.jpg,,10/24/2011 17:20:58,Davide Baltieri
528,8,Set_5\ID_182\Camera_8\Seq_3,video_520.bmp,video0000.jpg,,10/24/2011 17:20:59,Davide Baltieri
529,8,Set_5\ID_182\Camera_8\Seq_4,video_521.bmp,video0000.jpg,,10/24/2011 17:21:00,Davide Baltieri
530,8,Set_5\ID_182\Camera_8\Seq_5,video_522.bmp,video0000.jpg,,10/24/2011 17:21:01,Davide Baltieri
531,9,Set_5\ID_182\Camera_9\Seq_1,video_523.bmp,video0000.jpg,,10/24/2011 17:21:01,Davide Baltieri
532,8,Set_5\ID_183\Camera_8\Seq_1,video_524.bmp,video0000.jpg,,10/24/2011 17:21:18,Davide Baltieri
533,9,Set_5\ID_183\Camera_9\Seq_1,video_525.bmp,video0000.jpg,,10/24/2011 17:21:36,Davide Baltieri
534,8,Set_5\ID_184\Camera_8\Seq_1,video_526.bmp,video0000.jpg,,10/24/2011 17:21:37,Davide Baltieri
535,8,Set_5\ID_184\Camera_8\Seq_2,video_527.bmp,video0000.jpg,,10/24/2011 17:21:49,Davide Baltieri
536,9,Set_5\ID_184\Camera_9\Seq_1,video_528.bmp,video0000.jpg,,10/24/2011 17:21:50,Davide Baltieri
537,8,Set_5\ID_185\Camera_8\Seq_1,video_529.bmp,video0000.jpg,,10/24/2011 17:21:50,Davide Baltieri
538,8,Set_5\ID_185\Camera_8\Seq_2,video_530.bmp,video0000.jpg,,10/24/2011 17:22:03,Davide Baltieri
539,8,Set_5\ID_186\Camera_8\Seq_1,video_531.bmp,video0000.jpg,,10/24/2011 17:22:04,Davide Baltieri
540,9,Set_5\ID_186\Camera_9\Seq_1,video_532.bmp,video0000.jpg,,10/24/2011 17:22:20,Davide Baltieri
541,8,Set_5\ID_187\Camera_8\Seq_1,video_533.bmp,video0000.jpg,,10/24/2011 17:22:20,Davide Baltieri
542,8,Set_5\ID_187\Camera_8\Seq_2,video_534.bmp,video0000.jpg,,10/24/2011 17:22:38,Davide Baltieri
543,9,Set_5\ID_187\Camera_9\Seq_1,video_535.bmp,video0000.jpg,,10/24/2011 17:22:39,Davide Baltieri
544,9,Set_5\ID_187\Camera_9\Seq_2,video_536.bmp,video0000.jpg,,10/24/2011 17:22:39,Davide Baltieri
545,8,Set_5\ID_188\Camera_8\Seq_1,video_537.bmp,video0000.jpg,,10/24/2011 17:22:40,Davide Baltieri
546,9,Set_5\ID_188\Camera_9\Seq_1,video_538.bmp,video0000.jpg,,10/24/2011 17:23:07,Davide Baltieri
547,8,Set_5\ID_189\Camera_8\Seq_1,video_539.bmp,video0000.jpg,,10/24/2011 17:23:07,Davide Baltieri
548,9,Set_5\ID_189\Camera_9\Seq_1,video_540.bmp,video0000.jpg,,10/24/2011 17:23:08,Davide Baltieri
549,8,Set_5\ID_190\Camera_8\Seq_1,video_541.bmp,video0000.jpg,,10/24/2011 17:23:09,Davide Baltieri
550,9,Set_5\ID_190\Camera_9\Seq_1,video_542.bmp,video0000.jpg,,10/24/2011 17:23:09,Davide Baltieri
551,1,Set_6\ID_191\Camera_1\Seq_1,video_543.bmp,video0000.jpg,,10/24/2011 17:23:10,Davide Baltieri
552,1,Set_6\ID_191\Camera_1\Seq_2,video_544.bmp,video0000.jpg,,10/24/2011 17:23:47,Davide Baltieri
553,1,Set_6\ID_191\Camera_1\Seq_3,video_545.bmp,video0000.jpg,,10/24/2011 17:24:10,Davide Baltieri
554,8,Set_6\ID_191\Camera_8\Seq_1,video_546.bmp,video0000.jpg,,10/24/2011 17:24:10,Davide Baltieri
555,8,Set_6\ID_191\Camera_8\Seq_2,video_547.bmp,video0000.jpg,,10/24/2011 17:24:23,Davide Baltieri
556,8,Set_6\ID_191\Camera_8\Seq_3,video_548.bmp,video0000.jpg,,10/24/2011 17:24:23,Davide Baltieri
557,8,Set_6\ID_191\Camera_8\Seq_4,video_549.bmp,video0000.jpg,,10/24/2011 17:24:24,Davide Baltieri
558,8,Set_6\ID_191\Camera_8\Seq_5,video_550.bmp,video0000.jpg,,10/24/2011 17:24:24,Davide Baltieri
559,8,Set_6\ID_191\Camera_8\Seq_6,video_551.bmp,video0000.jpg,,10/24/2011 17:24:25,Davide Baltieri
560,1,Set_6\ID_192\Camera_1\Seq_1,video_552.bmp,video0000.jpg,,10/24/2011 17:24:25,Davide Baltieri
561,1,Set_6\ID_192\Camera_1\Seq_2,video_553.bmp,video0000.jpg,,10/24/2011 17:24:43,Davide Baltieri
562,1,Set_6\ID_192\Camera_1\Seq_3,video_554.bmp,video0000.jpg,,10/24/2011 17:24:44,Davide Baltieri
563,8,Set_6\ID_192\Camera_8\Seq_1,video_555.bmp,video0000.jpg,,10/24/2011 17:24:45,Davide Baltieri
564,8,Set_6\ID_192\Camera_8\Seq_2,video_556.bmp,video0000.jpg,,10/24/2011 17:24:56,Davide Baltieri
565,8,Set_6\ID_192\Camera_8\Seq_3,video_557.bmp,video0000.jpg,,10/24/2011 17:24:56,Davide Baltieri
566,1,Set_6\ID_193\Camera_1\Seq_1,video_558.bmp,video0000.jpg,,10/24/2011 17:24:57,Davide Baltieri
567,1,Set_6\ID_193\Camera_1\Seq_2,video_559.bmp,video0000.jpg,,10/24/2011 17:25:13,Davide Baltieri
568,2,Set_6\ID_193\Camera_2\Seq_1,video_560.bmp,video0000.jpg,,10/24/2011 17:25:13,Davide Baltieri
569,2,Set_6\ID_193\Camera_2\Seq_2,video_561.bmp,video0000.jpg,,10/24/2011 17:25:31,Davide Baltieri
570,3,Set_6\ID_193\Camera_3\Seq_1,video_562.bmp,video0000.jpg,,10/24/2011 17:25:32,Davide Baltieri
571,1,Set_6\ID_194\Camera_1\Seq_1,video_563.bmp,video0000.jpg,,10/24/2011 17:25:41,Davide Baltieri
572,1,Set_6\ID_194\Camera_1\Seq_2,video_564.bmp,video0000.jpg,,10/24/2011 17:25:52,Davide Baltieri
573,1,Set_6\ID_194\Camera_1\Seq_3,video_565.bmp,video0000.jpg,,10/24/2011 17:25:52,Davide Baltieri
574,8,Set_6\ID_194\Camera_8\Seq_1,video_566.bmp,video0000.jpg,,10/24/2011 17:25:53,Davide Baltieri
575,8,Set_6\ID_194\Camera_8\Seq_2,video_567.bmp,video0000.jpg,,10/24/2011 17:26:02,Davide Baltieri
576,8,Set_6\ID_194\Camera_8\Seq_3,video_568.bmp,video0000.jpg,,10/24/2011 17:26:02,Davide Baltieri
577,8,Set_6\ID_194\Camera_8\Seq_4,video_569.bmp,video0000.jpg,,10/24/2011 17:26:03,Davide Baltieri
578,8,Set_6\ID_194\Camera_8\Seq_5,video_570.bmp,video0000.jpg,,10/24/2011 17:26:03,Davide Baltieri
579,8,Set_6\ID_194\Camera_8\Seq_6,video_571.bmp,video0000.jpg,,10/24/2011 17:26:04,Davide Baltieri
580,8,Set_6\ID_194\Camera_8\Seq_7,video_572.bmp,video0000.jpg,,10/24/2011 17:26:04,Davide Baltieri
581,1,Set_6\ID_195\Camera_1\Seq_1,video_573.bmp,video0000.jpg,,10/24/2011 17:26:05,Davide Baltieri
582,1,Set_6\ID_195\Camera_1\Seq_2,video_574.bmp,video0000.jpg,,10/24/2011 17:26:40,Davide Baltieri
583,8,Set_6\ID_195\Camera_8\Seq_1,video_575.bmp,video0000.jpg,,10/24/2011 17:26:41,Davide Baltieri
584,8,Set_6\ID_195\Camera_8\Seq_2,video_576.bmp,video0000.jpg,,10/24/2011 17:26:49,Davide Baltieri
585,8,Set_6\ID_195\Camera_8\Seq_3,video_577.bmp,video0000.jpg,,10/24/2011 17:26:50,Davide Baltieri
586,8,Set_6\ID_195\Camera_8\Seq_4,video_578.bmp,video0000.jpg,,10/24/2011 17:26:50,Davide Baltieri
587,8,Set_6\ID_195\Camera_8\Seq_5,video_579.bmp,video0000.jpg,,10/24/2011 17:26:51,Davide Baltieri
588,8,Set_6\ID_195\Camera_8\Seq_6,video_580.bmp,video0000.jpg,,10/24/2011 17:26:51,Davide Baltieri
589,1,Set_6\ID_196\Camera_1\Seq_1,video_581.bmp,video0000.jpg,,10/24/2011 17:26:52,Davide Baltieri
590,8,Set_6\ID_196\Camera_8\Seq_1,video_582.bmp,video0000.jpg,,10/24/2011 17:27:17,Davide Baltieri
591,8,Set_6\ID_197\Camera_8\Seq_1,video_583.bmp,video0000.jpg,,10/24/2011 17:27:23,Davide Baltieri
592,8,Set_6\ID_197\Camera_8\Seq_2,video_584.bmp,video0000.jpg,,10/24/2011 17:27:32,Davide Baltieri
593,1,Set_6\ID_198\Camera_1\Seq_1,video_585.bmp,video0000.jpg,,10/24/2011 17:27:32,Davide Baltieri
594,1,Set_6\ID_198\Camera_1\Seq_2,video_586.bmp,video0000.jpg,,10/24/2011 17:27:44,Davide Baltieri
595,8,Set_6\ID_198\Camera_8\Seq_1,video_587.bmp,video0000.jpg,,10/24/2011 17:27:45,Davide Baltieri
596,8,Set_6\ID_198\Camera_8\Seq_2,video_588.bmp,video0000.jpg,,10/24/2011 17:27:54,Davide Baltieri
597,8,Set_6\ID_198\Camera_8\Seq_3,video_589.bmp,video0000.jpg,,10/24/2011 17:27:55,Davide Baltieri
598,8,Set_6\ID_198\Camera_8\Seq_4,video_590.bmp,video0000.jpg,,10/24/2011 17:27:55,Davide Baltieri
599,1,Set_6\ID_199\Camera_1\Seq_1,video_591.bmp,video0000.jpg,,10/24/2011 17:27:56,Davide Baltieri
600,1,Set_6\ID_199\Camera_1\Seq_2,video_592.bmp,video0000.jpg,,10/24/2011 17:28:16,Davide Baltieri
601,1,Set_6\ID_199\Camera_1\Seq_3,video_593.bmp,video0000.jpg,,10/24/2011 17:28:17,Davide Baltieri
602,1,Set_6\ID_199\Camera_1\Seq_4,video_594.bmp,video0000.jpg,,10/24/2011 17:28:18,Davide Baltieri
604,8,Set_6\ID_199\Camera_8\Seq_1,video_595.bmp,video0000.jpg,,10/24/2011 17:28:19,Davide Baltieri
605,8,Set_6\ID_199\Camera_8\Seq_2,video_596.bmp,video0000.jpg,,10/24/2011 17:28:35,Davide Baltieri
606,8,Set_6\ID_199\Camera_8\Seq_3,video_597.bmp,video0000.jpg,,10/24/2011 17:28:36,Davide Baltieri
607,8,Set_6\ID_199\Camera_8\Seq_4,video_598.bmp,video0000.jpg,,10/24/2011 17:28:36,Davide Baltieri
608,8,Set_6\ID_199\Camera_8\Seq_5,video_599.bmp,video0000.jpg,,10/24/2011 17:28:37,Davide Baltieri
609,8,Set_6\ID_199\Camera_8\Seq_6,video_600.bmp,video0000.jpg,,10/24/2011 17:28:37,Davide Baltieri
610,8,Set_6\ID_199\Camera_8\Seq_7,video_601.bmp,video0000.jpg,,10/24/2011 17:28:38,Davide Baltieri
611,1,Set_6\ID_200\Camera_1\Seq_1,video_602.bmp,video0000.jpg,,10/24/2011 17:28:38,Davide Baltieri
612,1,Set_6\ID_200\Camera_1\Seq_2,video_603.bmp,video0000.jpg,,10/24/2011 17:29:05,Davide Baltieri
613,1,Set_6\ID_200\Camera_1\Seq_3,video_604.bmp,video0000.jpg,,10/24/2011 17:29:10,Davide Baltieri
614,8,Set_6\ID_200\Camera_8\Seq_1,video_605.bmp,video0000.jpg,,10/24/2011 17:29:11,Davide Baltieri
615,8,Set_6\ID_200\Camera_8\Seq_2,video_606.bmp,video0000.jpg,,10/24/2011 17:29:17,Davide Baltieri
616,8,Set_6\ID_200\Camera_8\Seq_3,video_607.bmp,video0000.jpg,,10/24/2011 17:29:17,Davide Baltieri
617,8,Set_6\ID_200\Camera_8\Seq_4,video_608.bmp,video0000.jpg,,10/24/2011 17:29:18,Davide Baltieri
618,5,Set_6\ID_201\Camera_5\Seq_1,video_609.bmp,video0000.jpg,,10/24/2011 17:29:18,Davide Baltieri
619,5,Set_6\ID_201\Camera_5\Seq_2,video_610.bmp,video0000.jpg,,10/24/2011 17:29:40,Davide Baltieri
620,5,Set_6\ID_202\Camera_5\Seq_1,video_611.bmp,video0000.jpg,,10/24/2011 17:29:41,Davide Baltieri
621,5,Set_6\ID_202\Camera_5\Seq_2,video_612.bmp,video0000.jpg,,10/24/2011 17:29:53,Davide Baltieri
622,1,Set_6\ID_203\Camera_1\Seq_1,video_613.bmp,video0000.jpg,,12/29/2011 12:36:39,Davide Baltieri
623,7,Set_6\ID_203\Camera_7\Seq_1,video_614.bmp,video0000.jpg,,12/29/2011 17:24:11,Davide Baltieri
